{"mean":{"confidence_interval":{"confidence_level":0.95,"lower_bound":1499607860.65,"upper_bound":1520190796.35},"point_estimate":1509679311.0,"standard_error":5260230.839344753},"median":{"confidence_interval":{"confidence_level":0.95,"lower_bound":1499233400.0,"upper_bound":1516820500.0},"point_estimate":1508006550.0,"standard_error":4255598.422886775},"median_abs_dev":{"confidence_interval":{"confidence_level":0.95,"lower_bound":29720569.722354412,"upper_bound":54089843.099713326},"point_estimate":41084031.35061264,"standard_error":5981523.776223302},"slope":null,"std_dev":{"confidence_interval":{"confidence_level":0.95,"lower_bound":42158029.23690396,"upper_bound":63796276.56420315},"point_estimate":52832756.66701808,"standard_error":5620632.335954263}}