{"mean":{"confidence_interval":{"confidence_level":0.95,"lower_bound":0.24625640457443876,"upper_bound":0.27473677900499477},"point_estimate":0.2598018897816998,"standard_error":0.007360045798164003},"median":{"confidence_interval":{"confidence_level":0.95,"lower_bound":0.23177699573836352,"upper_bound":0.24044041790120585},"point_estimate":0.23473071555750757,"standard_error":0.0024629331851722565}}