{"mean":{"confidence_interval":{"confidence_level":0.95,"lower_bound":-0.0016725842381868578,"upper_bound":0.006394030215454682},"point_estimate":0.002555624372747145,"standard_error":0.0020571856197572195},"median":{"confidence_interval":{"confidence_level":0.95,"lower_bound":0.0008477964504760571,"upper_bound":0.006337026612492913},"point_estimate":0.002719724894840958,"standard_error":0.0014413226262591373}}