{"mean":{"confidence_interval":{"confidence_level":0.95,"lower_bound":-0.0024540609359525877,"upper_bound":0.05376094706647103},"point_estimate":0.025845291708864293,"standard_error":0.01432887023469982},"median":{"confidence_interval":{"confidence_level":0.95,"lower_bound":-0.02133425191677607,"upper_bound":0.01625571865421193},"point_estimate":-0.0030776272610235633,"standard_error":0.009555411768547413}}