{"mean":{"confidence_interval":{"confidence_level":0.95,"lower_bound":-0.2594929673928298,"upper_bound":-0.22181823448612872},"point_estimate":-0.2408303418913974,"standard_error":0.009602554527060998},"median":{"confidence_interval":{"confidence_level":0.95,"lower_bound":-0.2568036144231606,"upper_bound":-0.23055206234719694},"point_estimate":-0.24681906115826768,"standard_error":0.0064817765437918074}}