{"mean":{"confidence_interval":{"confidence_level":0.95,"lower_bound":0.18468471213804727,"upper_bound":0.21943857014033571},"point_estimate":0.20288098926051235,"standard_error":0.008853270390370685},"median":{"confidence_interval":{"confidence_level":0.95,"lower_bound":0.21333856901247317,"upper_bound":0.2293453371795522},"point_estimate":0.22183880936172828,"standard_error":0.0035346844047227533}}