{"mean":{"confidence_interval":{"confidence_level":0.95,"lower_bound":0.049244903551339106,"upper_bound":0.1373937481342334},"point_estimate":0.08179342992469696,"standard_error":0.022508825097726632},"median":{"confidence_interval":{"confidence_level":0.95,"lower_bound":0.03293520869430355,"upper_bound":0.05492347734615155},"point_estimate":0.04362231593669663,"standard_error":0.005678608665094264}}