{"mean":{"confidence_interval":{"confidence_level":0.95,"lower_bound":2140480.205208334,"upper_bound":2182666.5333333337},"point_estimate":2160289.208333334,"standard_error":10821.781092008014},"median":{"confidence_interval":{"confidence_level":0.95,"lower_bound":2130795.833333333,"upper_bound":2156379.1666666665},"point_estimate":2139322.916666667,"standard_error":6339.138143590348},"median_abs_dev":{"confidence_interval":{"confidence_level":0.95,"lower_bound":39375.38430094673,"upper_bound":74386.36492937815},"point_estimate":57920.23897171032,"standard_error":8805.873013078934},"slope":null,"std_dev":{"confidence_interval":{"confidence_level":0.95,"lower_bound":71297.34466037866,"upper_bound":145115.54004390136},"point_estimate":108626.42473563703,"standard_error":19259.77607587617}}