{"mean":{"confidence_interval":{"confidence_level":0.95,"lower_bound":-0.09089626682384343,"upper_bound":-0.04437701527094539},"point_estimate":-0.06748547098458191,"standard_error":0.011867133087782469},"median":{"confidence_interval":{"confidence_level":0.95,"lower_bound":-0.07189164305446205,"upper_bound":-0.02340168196906045},"point_estimate":-0.04877073578149571,"standard_error":0.012193061775733736}}