{"mean":{"confidence_interval":{"confidence_level":0.95,"lower_bound":2352274.786904762,"upper_bound":2420121.619047619},"point_estimate":2384858.0476190476,"standard_error":17319.47204859273},"median":{"confidence_interval":{"confidence_level":0.95,"lower_bound":2332133.3333333335,"upper_bound":2408542.8571428573},"point_estimate":2373590.476190476,"standard_error":18328.467717564836},"median_abs_dev":{"confidence_interval":{"confidence_level":0.95,"lower_bound":110001.858047077,"upper_bound":168963.44700029914},"point_estimate":137994.75755010342,"standard_error":14981.998247961246},"slope":null,"std_dev":{"confidence_interval":{"confidence_level":0.95,"lower_bound":131786.61401058343,"upper_bound":212988.36501056372},"point_estimate":174357.44233593644,"standard_error":20791.610535533942}}