{"mean":{"confidence_interval":{"confidence_level":0.95,"lower_bound":0.00933429628640455,"upper_bound":0.04437841490444956},"point_estimate":0.027012024911017285,"standard_error":0.009022449583403248},"median":{"confidence_interval":{"confidence_level":0.95,"lower_bound":-0.006773579572013744,"upper_bound":0.035777815959978865},"point_estimate":0.014733359687188807,"standard_error":0.010897461542301156}}