{"mean":{"confidence_interval":{"confidence_level":0.95,"lower_bound":-0.013176992108097973,"upper_bound":0.005650971487058953},"point_estimate":-0.002825963045840152,"standard_error":0.004810499648535849},"median":{"confidence_interval":{"confidence_level":0.95,"lower_bound":-0.005919367701258671,"upper_bound":0.0067923675558101415},"point_estimate":0.0001998856728675502,"standard_error":0.0033731092001087377}}