{"mean":{"confidence_interval":{"confidence_level":0.95,"lower_bound":0.10363575278086323,"upper_bound":0.1410797501910459},"point_estimate":0.1206271208389944,"standard_error":0.009325693231153447},"median":{"confidence_interval":{"confidence_level":0.95,"lower_bound":0.11719313995807745,"upper_bound":0.12934406040139024},"point_estimate":0.12368817884098715,"standard_error":0.0033608675151492575}}