{"mean":{"confidence_interval":{"confidence_level":0.95,"lower_bound":0.18372924310245428,"upper_bound":0.21572765032209104},"point_estimate":0.20020363860946433,"standard_error":0.008153911312399977},"median":{"confidence_interval":{"confidence_level":0.95,"lower_bound":0.21832907107225985,"upper_bound":0.2413488597010276},"point_estimate":0.23522227945407348,"standard_error":0.00592137913721961}}