{"mean":{"confidence_interval":{"confidence_level":0.95,"lower_bound":0.07799354672418558,"upper_bound":0.1050288222631768},"point_estimate":0.09057551634442862,"standard_error":0.006907889613036505},"median":{"confidence_interval":{"confidence_level":0.95,"lower_bound":0.057346793493469765,"upper_bound":0.06954871153889508},"point_estimate":0.05997775854325327,"standard_error":0.0026295478026503376}}