{"mean":{"confidence_interval":{"confidence_level":0.95,"lower_bound":3439444079.225,"upper_bound":3464871617.0},"point_estimate":3451368318.0,"standard_error":6519096.794629183},"median":{"confidence_interval":{"confidence_level":0.95,"lower_bound":3428254400.0,"upper_bound":3445834500.0},"point_estimate":3438982800.0,"standard_error":4683784.922333332},"median_abs_dev":{"confidence_interval":{"confidence_level":0.95,"lower_bound":32440028.724074364,"upper_bound":53233122.70492315},"point_estimate":39209654.333889484,"standard_error":5158773.881163402},"slope":null,"std_dev":{"confidence_interval":{"confidence_level":0.95,"lower_bound":44954824.15864146,"upper_bound":86072930.98431344},"point_estimate":65689852.15363746,"standard_error":10722654.330763286}}