{"mean":{"confidence_interval":{"confidence_level":0.95,"lower_bound":0.2546417050042384,"upper_bound":0.29101074996693294},"point_estimate":0.2729384501828409,"standard_error":0.009267290807971637},"median":{"confidence_interval":{"confidence_level":0.95,"lower_bound":0.284567010237047,"upper_bound":0.30722392426360323},"point_estimate":0.297809251450877,"standard_error":0.005956286605820021}}