{"mean":{"confidence_interval":{"confidence_level":0.95,"lower_bound":0.05510743800781769,"upper_bound":0.2063417714198395},"point_estimate":0.11322790495749269,"standard_error":0.04001524727973753},"median":{"confidence_interval":{"confidence_level":0.95,"lower_bound":0.020140533316399534,"upper_bound":0.043218651169543154},"point_estimate":0.033423658479157625,"standard_error":0.006492300865305383}}