{"mean":{"confidence_interval":{"confidence_level":0.95,"lower_bound":-0.7430768193512448,"upper_bound":-0.7196650641964412},"point_estimate":-0.7313162973589082,"standard_error":0.00599034704742571},"median":{"confidence_interval":{"confidence_level":0.95,"lower_bound":-0.7250770845321187,"upper_bound":-0.707508422347726},"point_estimate":-0.7184678545871961,"standard_error":0.0037650684488446527}}