{"mean":{"confidence_interval":{"confidence_level":0.95,"lower_bound":0.12895208625554475,"upper_bound":0.23447788313988624},"point_estimate":0.18001209167243992,"standard_error":0.027764184747853887},"median":{"confidence_interval":{"confidence_level":0.95,"lower_bound":0.06205082343165946,"upper_bound":0.1327649733395592},"point_estimate":0.10462293003915035,"standard_error":0.015842640899797273}}