{"mean":{"confidence_interval":{"confidence_level":0.95,"lower_bound":467905401.0,"upper_bound":475762024.0},"point_estimate":471770708.0,"standard_error":2010402.1634583357},"median":{"confidence_interval":{"confidence_level":0.95,"lower_bound":464779150.0,"upper_bound":472943450.0},"point_estimate":468557850.0,"standard_error":2126793.043978095},"median_abs_dev":{"confidence_interval":{"confidence_level":0.95,"lower_bound":14486039.562821388,"upper_bound":24308783.298432827},"point_estimate":19660535.860955715,"standard_error":2535287.9837273476},"slope":null,"std_dev":{"confidence_interval":{"confidence_level":0.95,"lower_bound":17107815.40847104,"upper_bound":23188646.546507455},"point_estimate":20309438.360862486,"standard_error":1556446.8535036666}}