{"mean":{"confidence_interval":{"confidence_level":0.95,"lower_bound":-0.00208975155820367,"upper_bound":0.08163737134050184},"point_estimate":0.035446752895223144,"standard_error":0.020069853121997168},"median":{"confidence_interval":{"confidence_level":0.95,"lower_bound":-0.03753390984646077,"upper_bound":0.019742844561640105},"point_estimate":-0.013833285048639676,"standard_error":0.01393665861364576}}