{"mean":{"confidence_interval":{"confidence_level":0.95,"lower_bound":3204234.7984375,"upper_bound":3485970.390625},"point_estimate":3338915.5,"standard_error":72026.90220993652},"median":{"confidence_interval":{"confidence_level":0.95,"lower_bound":2984600.0,"upper_bound":3176612.5},"point_estimate":3098668.75,"standard_error":39400.048850986175},"median_abs_dev":{"confidence_interval":{"confidence_level":0.95,"lower_bound":245490.75689166784,"upper_bound":496087.2174426913},"point_estimate":352080.4287493229,"standard_error":67285.13506539495},"slope":null,"std_dev":{"confidence_interval":{"confidence_level":0.95,"lower_bound":545272.4564932298,"upper_bound":872563.2946997706},"point_estimate":721568.6035431583,"standard_error":83345.50266476464}}