{"mean":{"confidence_interval":{"confidence_level":0.95,"lower_bound":0.20914991383263795,"upper_bound":0.25920174168835025},"point_estimate":0.23186781311591242,"standard_error":0.01268282281283752},"median":{"confidence_interval":{"confidence_level":0.95,"lower_bound":0.18392340261786516,"upper_bound":0.20664399138581357},"point_estimate":0.19367511958176498,"standard_error":0.006077592297991746}}