{"mean":{"confidence_interval":{"confidence_level":0.95,"lower_bound":-0.051359219942790746,"upper_bound":-0.00600116468532994},"point_estimate":-0.030305458099505245,"standard_error":0.011597449536658758},"median":{"confidence_interval":{"confidence_level":0.95,"lower_bound":-0.08135376121327234,"upper_bound":-0.049780197026288886},"point_estimate":-0.0704588909190158,"standard_error":0.008046313530050156}}