{"mean":{"confidence_interval":{"confidence_level":0.95,"lower_bound":-0.047827763018428573,"upper_bound":-0.011608912354566495},"point_estimate":-0.029489208886633755,"standard_error":0.009234175612175747},"median":{"confidence_interval":{"confidence_level":0.95,"lower_bound":-0.05272307835955026,"upper_bound":-0.029204792627615987},"point_estimate":-0.04542463671146979,"standard_error":0.00594057050786738}}