{"mean":{"confidence_interval":{"confidence_level":0.95,"lower_bound":0.02858095124322285,"upper_bound":0.042845859059279255},"point_estimate":0.03597710037827162,"standard_error":0.0036538256800146625},"median":{"confidence_interval":{"confidence_level":0.95,"lower_bound":0.042097414007498585,"upper_bound":0.04958694837837527},"point_estimate":0.04480133637770822,"standard_error":0.0019092743384567811}}