{"mean":{"confidence_interval":{"confidence_level":0.95,"lower_bound":0.03600568593472623,"upper_bound":0.07549437601794387},"point_estimate":0.050723969208843256,"standard_error":0.010385577125872876},"median":{"confidence_interval":{"confidence_level":0.95,"lower_bound":0.03269818252631107,"upper_bound":0.04687653194520929},"point_estimate":0.04025432013159169,"standard_error":0.003370001391750752}}