{"mean":{"confidence_interval":{"confidence_level":0.95,"lower_bound":29.403879720722696,"upper_bound":30.31499054222948},"point_estimate":29.868272580480074,"standard_error":0.2314277868946984},"median":{"confidence_interval":{"confidence_level":0.95,"lower_bound":29.42839455872847,"upper_bound":30.077935646414545},"point_estimate":29.865645061578938,"standard_error":0.15370796175954698}}