{"mean":{"confidence_interval":{"confidence_level":0.95,"lower_bound":-0.6443359171273306,"upper_bound":-0.6285624324495853},"point_estimate":-0.6361859169567599,"standard_error":0.00404224563246247},"median":{"confidence_interval":{"confidence_level":0.95,"lower_bound":-0.6338397957464385,"upper_bound":-0.6230107417163713},"point_estimate":-0.6278696654842553,"standard_error":0.002810831363835313}}