{"mean":{"confidence_interval":{"confidence_level":0.95,"lower_bound":0.3254225635713149,"upper_bound":0.36745784976090545},"point_estimate":0.3460961199078245,"standard_error":0.01070985678407597},"median":{"confidence_interval":{"confidence_level":0.95,"lower_bound":0.30634734116063833,"upper_bound":0.317398348136825},"point_estimate":0.309256521666714,"standard_error":0.0030154235540022873}}