{"mean":{"confidence_interval":{"confidence_level":0.95,"lower_bound":-0.05840549958431662,"upper_bound":-0.03691709696936282},"point_estimate":-0.047799289877269446,"standard_error":0.005490471166924082},"median":{"confidence_interval":{"confidence_level":0.95,"lower_bound":-0.04459957399468848,"upper_bound":-0.03502930863322484},"point_estimate":-0.03773260445240456,"standard_error":0.0024680644037809907}}