{"mean":{"confidence_interval":{"confidence_level":0.95,"lower_bound":0.002367648874261351,"upper_bound":0.046819684598736776},"point_estimate":0.022824388864589373,"standard_error":0.011382216731474345},"median":{"confidence_interval":{"confidence_level":0.95,"lower_bound":0.01911877854477928,"upper_bound":0.029757085405260453},"point_estimate":0.023730477745972145,"standard_error":0.0025188114740391115}}