{"mean":{"confidence_interval":{"confidence_level":0.95,"lower_bound":2692050.397222222,"upper_bound":2795092.3916666657},"point_estimate":2741428.6111111115,"standard_error":26263.833489167366},"median":{"confidence_interval":{"confidence_level":0.95,"lower_bound":2592866.6666666665,"upper_bound":2668666.6666666665},"point_estimate":2615813.888888889,"standard_error":19105.087582372787},"median_abs_dev":{"confidence_interval":{"confidence_level":0.95,"lower_bound":48901.089131831664,"upper_bound":159758.38383038866},"point_estimate":84240.50683776545,"standard_error":26752.980492423598},"slope":null,"std_dev":{"confidence_interval":{"confidence_level":0.95,"lower_bound":206599.82228199593,"upper_bound":311004.1813889747},"point_estimate":263375.8736462291,"standard_error":26578.724951993467}}