{"mean":{"confidence_interval":{"confidence_level":0.95,"lower_bound":55469959.35,"upper_bound":56160659.3},"point_estimate":55792712.0,"standard_error":176394.34907198464},"median":{"confidence_interval":{"confidence_level":0.95,"lower_bound":55013400.0,"upper_bound":55114100.0},"point_estimate":55074250.0,"standard_error":29495.163087114484},"median_abs_dev":{"confidence_interval":{"confidence_level":0.95,"lower_bound":165013.37707042694,"upper_bound":323134.51751321513},"point_estimate":252857.42551088333,"standard_error":41844.35250240973},"slope":null,"std_dev":{"confidence_interval":{"confidence_level":0.95,"lower_bound":1238608.8626064777,"upper_bound":2197468.228490465},"point_estimate":1770228.4263537028,"standard_error":245101.87723817024}}