{"mean":{"confidence_interval":{"confidence_level":0.95,"lower_bound":57623233.925,"upper_bound":57987125.075},"point_estimate":57799972.0,"standard_error":92661.23718496268},"median":{"confidence_interval":{"confidence_level":0.95,"lower_bound":57400900.0,"upper_bound":57800650.0},"point_estimate":57541650.0,"standard_error":103454.74549861753},"median_abs_dev":{"confidence_interval":{"confidence_level":0.95,"lower_bound":580956.799685955,"upper_bound":997715.6522870064},"point_estimate":807868.7256574631,"standard_error":107242.6638762818},"slope":null,"std_dev":{"confidence_interval":{"confidence_level":0.95,"lower_bound":761375.2977484732,"upper_bound":1081487.8491062508},"point_estimate":931307.8165177562,"standard_error":81460.2658763768}}