{"mean":{"confidence_interval":{"confidence_level":0.95,"lower_bound":59895126.45,"upper_bound":62015659.075},"point_estimate":60731816.0,"standard_error":559772.2779370875},"median":{"confidence_interval":{"confidence_level":0.95,"lower_bound":59524400.0,"upper_bound":60208400.0},"point_estimate":59857950.0,"standard_error":161692.48668395798},"median_abs_dev":{"confidence_interval":{"confidence_level":0.95,"lower_bound":972437.3227357864,"upper_bound":1686753.9900541306},"point_estimate":1199497.5087046623,"standard_error":181392.76971159896},"slope":null,"std_dev":{"confidence_interval":{"confidence_level":0.95,"lower_bound":1494584.9687065464,"upper_bound":9279328.147305964},"point_estimate":5654951.909712014,"standard_error":2465029.7990678493}}