{"mean":{"confidence_interval":{"confidence_level":0.95,"lower_bound":0.08005368627583585,"upper_bound":0.13194148970589814},"point_estimate":0.10661262952921713,"standard_error":0.013244251748593096},"median":{"confidence_interval":{"confidence_level":0.95,"lower_bound":0.1504668466643697,"upper_bound":0.1739666327888274},"point_estimate":0.16402987046728046,"standard_error":0.006071578421328402}}