{"mean":{"confidence_interval":{"confidence_level":0.95,"lower_bound":-0.19177434472192398,"upper_bound":-0.16710329525624207},"point_estimate":-0.17927073979048058,"standard_error":0.006297822477053363},"median":{"confidence_interval":{"confidence_level":0.95,"lower_bound":-0.20060907806917394,"upper_bound":-0.16215261323378222},"point_estimate":-0.18174648800463966,"standard_error":0.008955228017691327}}