{"mean":{"confidence_interval":{"confidence_level":0.95,"lower_bound":0.03571202568947874,"upper_bound":0.07642872504835921},"point_estimate":0.05360280919158322,"standard_error":0.010553146985010154},"median":{"confidence_interval":{"confidence_level":0.95,"lower_bound":0.007126946136164269,"upper_bound":0.03779574889880988},"point_estimate":0.022604484866002306,"standard_error":0.008690703334521006}}