{"mean":{"confidence_interval":{"confidence_level":0.95,"lower_bound":-0.0244724175350145,"upper_bound":-0.00026554438438869274},"point_estimate":-0.012252390331177976,"standard_error":0.006180474578624748},"median":{"confidence_interval":{"confidence_level":0.95,"lower_bound":-0.01979886861077282,"upper_bound":-0.0044381805226494375},"point_estimate":-0.015032696434045145,"standard_error":0.004690523098541995}}