{"mean":{"confidence_interval":{"confidence_level":0.95,"lower_bound":717047115.075,"upper_bound":724175635.15},"point_estimate":720517527.0,"standard_error":1819021.46518493},"median":{"confidence_interval":{"confidence_level":0.95,"lower_bound":714874650.0,"upper_bound":721266900.0},"point_estimate":718429400.0,"standard_error":1619726.7806881566},"median_abs_dev":{"confidence_interval":{"confidence_level":0.95,"lower_bound":10878831.202112142,"upper_bound":20858617.4866855},"point_estimate":15166627.080738544,"standard_error":2597946.1791393766},"slope":null,"std_dev":{"confidence_interval":{"confidence_level":0.95,"lower_bound":14798181.441281084,"upper_bound":21668629.432707604},"point_estimate":18376139.47692288,"standard_error":1747242.5775049238}}