{"mean":{"confidence_interval":{"confidence_level":0.95,"lower_bound":251294843.275,"upper_bound":258349067.67499998},"point_estimate":254821728.0,"standard_error":1801877.1061919874},"median":{"confidence_interval":{"confidence_level":0.95,"lower_bound":248173600.0,"upper_bound":256668700.0},"point_estimate":251586300.0,"standard_error":2174878.553020237},"median_abs_dev":{"confidence_interval":{"confidence_level":0.95,"lower_bound":10706150.929927826,"upper_bound":19743939.522475004},"point_estimate":16295997.61068821,"standard_error":2240774.2721860544},"slope":null,"std_dev":{"confidence_interval":{"confidence_level":0.95,"lower_bound":15376431.398721011,"upper_bound":20636667.30432651},"point_estimate":18148806.497487612,"standard_error":1341739.6906359645}}