{"mean":{"confidence_interval":{"confidence_level":0.95,"lower_bound":9437722.191666665,"upper_bound":9609271.166666664},"point_estimate":9523080.5,"standard_error":43503.1429358456},"median":{"confidence_interval":{"confidence_level":0.95,"lower_bound":9391833.333333334,"upper_bound":9641833.333333334},"point_estimate":9517241.666666666,"standard_error":54779.71247387134},"median_abs_dev":{"confidence_interval":{"confidence_level":0.95,"lower_bound":268745.9552288046,"upper_bound":457110.2818846693},"point_estimate":328754.1891634455,"standard_error":48368.64767338027},"slope":null,"std_dev":{"confidence_interval":{"confidence_level":0.95,"lower_bound":364810.53096674685,"upper_bound":501423.09836844675},"point_estimate":437581.8906335244,"standard_error":34938.191976781185}}