{"mean":{"confidence_interval":{"confidence_level":0.95,"lower_bound":61273481.0,"upper_bound":62360934.0},"point_estimate":61803971.0,"standard_error":275145.50642775465},"median":{"confidence_interval":{"confidence_level":0.95,"lower_bound":60747400.0,"upper_bound":61475200.0},"point_estimate":61103750.0,"standard_error":190874.07899087534},"median_abs_dev":{"confidence_interval":{"confidence_level":0.95,"lower_bound":1003868.4421777725,"upper_bound":2275646.4060991993},"point_estimate":1384007.0754289627,"standard_error":332839.413262337},"slope":null,"std_dev":{"confidence_interval":{"confidence_level":0.95,"lower_bound":2158149.3807005533,"upper_bound":3295244.1203863486},"point_estimate":2755841.283979148,"standard_error":289849.98502206535}}