{"mean":{"confidence_interval":{"confidence_level":0.95,"lower_bound":-0.04064251028708363,"upper_bound":-0.01704208721003451},"point_estimate":-0.028952217005899783,"standard_error":0.0059829092073990855},"median":{"confidence_interval":{"confidence_level":0.95,"lower_bound":-0.04906341499825273,"upper_bound":-0.03570970682925445},"point_estimate":-0.04339219173441711,"standard_error":0.0032851548762432782}}