{"mean":{"confidence_interval":{"confidence_level":0.95,"lower_bound":171249624.0,"upper_bound":174760113.375},"point_estimate":172903840.0,"standard_error":899345.3838390041},"median":{"confidence_interval":{"confidence_level":0.95,"lower_bound":169369021.25000003,"upper_bound":171607100.0},"point_estimate":170500100.0,"standard_error":558772.6780015654},"median_abs_dev":{"confidence_interval":{"confidence_level":0.95,"lower_bound":3657351.745069027,"upper_bound":6308044.053509826},"point_estimate":5233281.387090683,"standard_error":719479.411688094},"slope":null,"std_dev":{"confidence_interval":{"confidence_level":0.95,"lower_bound":6078525.799161885,"upper_bound":11502493.45953927},"point_estimate":8994379.866349988,"standard_error":1384532.4505588152}}