{"mean":{"confidence_interval":{"confidence_level":0.95,"lower_bound":113939190.0,"upper_bound":115736805.375},"point_estimate":114807499.0,"standard_error":458941.9531658803},"median":{"confidence_interval":{"confidence_level":0.95,"lower_bound":112668250.0,"upper_bound":114456000.0},"point_estimate":113189600.0,"standard_error":390110.6565284746},"median_abs_dev":{"confidence_interval":{"confidence_level":0.95,"lower_bound":1952806.5553307533,"upper_bound":4051797.4680662155},"point_estimate":2725315.271615982,"standard_error":472586.9644784922},"slope":null,"std_dev":{"confidence_interval":{"confidence_level":0.95,"lower_bound":3653433.8032251825,"upper_bound":5499355.715451425},"point_estimate":4625889.066684557,"standard_error":471604.84723863757}}