{"mean":{"confidence_interval":{"confidence_level":0.95,"lower_bound":0.02365139558627822,"upper_bound":0.052234388623265},"point_estimate":0.03819343643623263,"standard_error":0.007311297179902406},"median":{"confidence_interval":{"confidence_level":0.95,"lower_bound":0.030951948954398394,"upper_bound":0.05568975123439657},"point_estimate":0.043356503216343656,"standard_error":0.007119965428560692}}