{"mean":{"confidence_interval":{"confidence_level":0.95,"lower_bound":0.039880863578513275,"upper_bound":0.05594863834254471},"point_estimate":0.048123495306415576,"standard_error":0.004098235103590073},"median":{"confidence_interval":{"confidence_level":0.95,"lower_bound":0.05802421304298866,"upper_bound":0.06972662584177503},"point_estimate":0.0646482994087132,"standard_error":0.002928047407115883}}