{"mean":{"confidence_interval":{"confidence_level":0.95,"lower_bound":0.03665253786353401,"upper_bound":0.06513764543338521},"point_estimate":0.04794244389861091,"standard_error":0.007800255495518377},"median":{"confidence_interval":{"confidence_level":0.95,"lower_bound":0.03193665415997948,"upper_bound":0.04640895479867835},"point_estimate":0.03906339305779882,"standard_error":0.0036422974598850862}}