{"mean":{"confidence_interval":{"confidence_level":0.95,"lower_bound":-0.15791013308445057,"upper_bound":-0.12261621817907527},"point_estimate":-0.14005465121580574,"standard_error":0.008961111783595063},"median":{"confidence_interval":{"confidence_level":0.95,"lower_bound":-0.151175315775827,"upper_bound":-0.13031659237334736},"point_estimate":-0.14082289989090346,"standard_error":0.005975969574702617}}