{"mean":{"confidence_interval":{"confidence_level":0.95,"lower_bound":0.08777657434292484,"upper_bound":0.18157941145848602},"point_estimate":0.12973107902492154,"standard_error":0.022690830902060814},"median":{"confidence_interval":{"confidence_level":0.95,"lower_bound":0.04866299230952431,"upper_bound":0.09050816608050094},"point_estimate":0.06755439090877635,"standard_error":0.011142728037308054}}