{"mean":{"confidence_interval":{"confidence_level":0.95,"lower_bound":80964106.0,"upper_bound":82352917.85},"point_estimate":81630452.0,"standard_error":355462.8821599532},"median":{"confidence_interval":{"confidence_level":0.95,"lower_bound":79956500.0,"upper_bound":81196800.0},"point_estimate":80774100.0,"standard_error":317699.6650620641},"median_abs_dev":{"confidence_interval":{"confidence_level":0.95,"lower_bound":1819891.4676904678,"upper_bound":3211904.582977295},"point_estimate":2772165.4307842255,"standard_error":340087.23946794565},"slope":null,"std_dev":{"confidence_interval":{"confidence_level":0.95,"lower_bound":2780352.77246417,"upper_bound":4233144.059374713},"point_estimate":3555724.438212417,"standard_error":371725.88740916114}}