{"mean":{"confidence_interval":{"confidence_level":0.95,"lower_bound":0.31651135319617135,"upper_bound":0.3808179062389208},"point_estimate":0.34588687733309187,"standard_error":0.016441338860176145},"median":{"confidence_interval":{"confidence_level":0.95,"lower_bound":0.3311481510584433,"upper_bound":0.33687904436644267},"point_estimate":0.3341036450696999,"standard_error":0.0013719811097580048}}