{"mean":{"confidence_interval":{"confidence_level":0.95,"lower_bound":0.32421565602921176,"upper_bound":0.3432674878457694},"point_estimate":0.33411405570092745,"standard_error":0.004793773405269536},"median":{"confidence_interval":{"confidence_level":0.95,"lower_bound":0.32400972949978324,"upper_bound":0.3409145277443413},"point_estimate":0.33358632747440753,"standard_error":0.0042164121047553555}}