{"mean":{"confidence_interval":{"confidence_level":0.95,"lower_bound":0.005733765069885762,"upper_bound":0.047205164110114},"point_estimate":0.025837596955530007,"standard_error":0.010499167503239929},"median":{"confidence_interval":{"confidence_level":0.95,"lower_bound":0.029365045720132876,"upper_bound":0.03841212970575136},"point_estimate":0.033522312197786786,"standard_error":0.0024183553225297027}}