{"mean":{"confidence_interval":{"confidence_level":0.95,"lower_bound":0.006800106983286755,"upper_bound":0.03724206186146283},"point_estimate":0.022606184230460347,"standard_error":0.007760602644121221},"median":{"confidence_interval":{"confidence_level":0.95,"lower_bound":-0.01697219750401835,"upper_bound":0.00042253982140261215},"point_estimate":-0.01234306910984595,"standard_error":0.004212495534132412}}