{"mean":{"confidence_interval":{"confidence_level":0.95,"lower_bound":0.36348619169104934,"upper_bound":0.41098194322240306},"point_estimate":0.38637125790893023,"standard_error":0.01199187820817971},"median":{"confidence_interval":{"confidence_level":0.95,"lower_bound":0.37423741426917895,"upper_bound":0.3945876000418649},"point_estimate":0.39138944776712137,"standard_error":0.005187380054805254}}