{"mean":{"confidence_interval":{"confidence_level":0.95,"lower_bound":58397080.175,"upper_bound":59831733.449999996},"point_estimate":59092745.0,"standard_error":366049.3006692368},"median":{"confidence_interval":{"confidence_level":0.95,"lower_bound":57220100.0,"upper_bound":58512700.0},"point_estimate":57884050.0,"standard_error":386823.4418398589},"median_abs_dev":{"confidence_interval":{"confidence_level":0.95,"lower_bound":1581044.6119308472,"upper_bound":3457947.6083591566},"point_estimate":2477795.2060103416,"standard_error":547747.0996981402},"slope":null,"std_dev":{"confidence_interval":{"confidence_level":0.95,"lower_bound":2969750.2730124416,"upper_bound":4327505.350117076},"point_estimate":3671230.2055986626,"standard_error":348591.1030538115}}