{"mean":{"confidence_interval":{"confidence_level":0.95,"lower_bound":66673984.0,"upper_bound":68541585.525},"point_estimate":67384860.0,"standard_error":514728.5995260826},"median":{"confidence_interval":{"confidence_level":0.95,"lower_bound":66427500.0,"upper_bound":67098600.0},"point_estimate":66809750.0,"standard_error":176515.27795356695},"median_abs_dev":{"confidence_interval":{"confidence_level":0.95,"lower_bound":894665.6878665098,"upper_bound":1433748.3045458794},"point_estimate":1171328.1092047691,"standard_error":135070.54026605096},"slope":null,"std_dev":{"confidence_interval":{"confidence_level":0.95,"lower_bound":1189820.1826125092,"upper_bound":8642023.545853175},"point_estimate":5157552.690937629,"standard_error":2547408.296600871}}