{"mean":{"confidence_interval":{"confidence_level":0.95,"lower_bound":64919670.775,"upper_bound":70055489.875},"point_estimate":67289752.0,"standard_error":1310950.0080816562},"median":{"confidence_interval":{"confidence_level":0.95,"lower_bound":62268550.0,"upper_bound":64559500.0},"point_estimate":63227350.0,"standard_error":611088.1072797505},"median_abs_dev":{"confidence_interval":{"confidence_level":0.95,"lower_bound":3269651.851952076,"upper_bound":5749316.987179216},"point_estimate":4741502.975821495,"standard_error":648560.3495530578},"slope":null,"std_dev":{"confidence_interval":{"confidence_level":0.95,"lower_bound":8153214.41427677,"upper_bound":17754007.797542904},"point_estimate":13206935.94925688,"standard_error":2458023.804805845}}