{"mean":{"confidence_interval":{"confidence_level":0.95,"lower_bound":64106743.825,"upper_bound":64499825.15},"point_estimate":64302062.0,"standard_error":100348.97922368787},"median":{"confidence_interval":{"confidence_level":0.95,"lower_bound":63901700.0,"upper_bound":64528200.0},"point_estimate":64298050.0,"standard_error":155016.51127084598},"median_abs_dev":{"confidence_interval":{"confidence_level":0.95,"lower_bound":809128.9356350899,"upper_bound":1423592.494726181},"point_estimate":1059391.8111920357,"standard_error":150895.949751537},"slope":null,"std_dev":{"confidence_interval":{"confidence_level":0.95,"lower_bound":882316.5651731837,"upper_bound":1119632.6143370452},"point_estimate":1009870.5446369116,"standard_error":60638.12854901194}}