{"mean":{"confidence_interval":{"confidence_level":0.95,"lower_bound":60943612.275,"upper_bound":61796624.025},"point_estimate":61349700.0,"standard_error":218592.33229313916},"median":{"confidence_interval":{"confidence_level":0.95,"lower_bound":60259800.0,"upper_bound":60522250.0},"point_estimate":60393700.0,"standard_error":77052.95940005149},"median_abs_dev":{"confidence_interval":{"confidence_level":0.95,"lower_bound":329952.62414216995,"upper_bound":751678.1866550446},"point_estimate":513943.28087568283,"standard_error":105360.7106201089},"slope":null,"std_dev":{"confidence_interval":{"confidence_level":0.95,"lower_bound":1618901.9169546762,"upper_bound":2689801.826419803},"point_estimate":2208043.7328691264,"standard_error":274209.76786874316}}