{"mean":{"confidence_interval":{"confidence_level":0.95,"lower_bound":0.00918803718151128,"upper_bound":0.03674447526696657},"point_estimate":0.022883710939260116,"standard_error":0.007033622345200917},"median":{"confidence_interval":{"confidence_level":0.95,"lower_bound":0.018191089190926754,"upper_bound":0.0422914159454606},"point_estimate":0.030012416876884496,"standard_error":0.006041885008559457}}