{"mean":{"confidence_interval":{"confidence_level":0.95,"lower_bound":10426886.065,"upper_bound":10817161.100000001},"point_estimate":10603209.6,"standard_error":99760.95852187785},"median":{"confidence_interval":{"confidence_level":0.95,"lower_bound":10177950.0,"upper_bound":10459200.0},"point_estimate":10330780.0,"standard_error":86092.38322243684},"median_abs_dev":{"confidence_interval":{"confidence_level":0.95,"lower_bound":326334.70955640083,"upper_bound":650253.5224556923},"point_estimate":450740.0439977646,"standard_error":88950.53097812105},"slope":null,"std_dev":{"confidence_interval":{"confidence_level":0.95,"lower_bound":610902.4956826933,"upper_bound":1425208.6916630096},"point_estimate":996189.7896514988,"standard_error":237911.32677358473}}